Colorado,Alabama,Arizona,Arkansas,California,Alaska,Connecticut,Delaware,Florida,Georgia,Hawaii,Idaho,Illinois,Indiana,Iowa,Kansas,Kentucky,Louisiana,Maine,Maryland,Massachusetts,Michigan,Minnesota,Mississippi,Missouri,Montana,Nebraska,Nevada,New Hampshire,New Jersey,New Mexico,New York,North Carolina,North Dakota,Ohio,Oklahoma,Oregon,Pennsylvania,Rhode Island,South Carolina,South Dakota,Tennessee,Texas,Utah,Vermont,Virginia,Washington,West Virginia,Wisconsin,Wyoming
Arvada,Alabaster,Ahwatukee,Arkadelphia,Anaheim,Fairbanks,Ansonia,Bear,Altamonte Springs,Acworth,Ewa Beach,Boise,Algonquin,Anderson,Altoona,Atchison,Alexandria,Addis,Bangor,Abingdon,Acton,Ann Arbor,Anoka,Bay Saint Louis,Affton,Billings,Bellevue,Boulder City,Bedford,Belleville,Alamogordo,Albany,Apex,Bismarck,Akron,Ardmore,Astoria,Allentown,Coventry,Aiken,Aberdeen,Antioch,Abilene,Bluffdale,Burlington,Alexandria,Auburn,Beckley,Appleton,Casper
Aurora,Anniston,Anthem,Bentonville,Bakersfield,Yakutat,Ashford,Camden,Apopka,Alpharetta,Honolulu,Caldwell,Arlington Heights,Avon,Ames,Bonner Springs,Bardstown,Alexandria,Bucksport,Annapolis,Amherst,Auburn Hills,Apple Valley,Biloxi,Arnold,Bozeman,Bellvue,Carson City,Concord,Bloomfield,Albuquerque,Babylon,Asheville,Dickinson,Amelia,Bartlesville,Beaverton,Bensalem,Cranston,Anderson,Chamberlain,Arlington,Amarillo,Bountiful,,Arlington,Bellevue,Berkeley Springs,Baraboo,Cheyenne
Bailey,Auburn,Apache Junction,Blytheville,Carlsbad,,Avon,Claymont,Boca Raton,Athens,Kapolei,Chubbuck,Aurora,Bloomington,Ankeny,Derby,Bowling Green,Baker,Falmouth,Baltimore,Attleboro,Battle Creek,Blaine,Brandon,Ballwin,Helena,Bennington,Dayton,Derry,Bordentown,Artesia,Bay Shore,Belmont,Fargo,Batavia,Bethany,Clackamas,Bethlehem,Cumberland,Beaufort,Custer,Bartlett,Arlington,Cedar City,,Ashburn,Bellingham,Dunbar,Beaver Dam,Gillette
Boulder,Bessemer,Avondale,Brookland,Chula Vista,,Beacon Falls,Dover,Boynton Beach,Atlanta,Waipahu,Coeur D Alene,Bloomingdale,Brownsburg,Bettendorf,Easton,Brandenburg,Baton Rouge,Kittery,Bel Air,Boston,Birmingham,Bloomington,Byram,Belton,Missoula,Blair,Elko,Dover,Bradley Beach,Bernalillo,Brooklyn,Brown Summit,Grand Forks,Beachwood,Bixby,Corvallis,Bryn Mawr,East Providence,Bluffton,Dakota Dunes,Brentwood,Austin,Centerville,,Blacksburg,Bothell,Huntington,Beloit,Laramie
Brighton,Birmingham,Buckeye,Centerton,Citrus Heights,,Bloomfield,Frederica,Bradenton,Augusta,,Hayden,Bolingbrook,Camby,Boone,Edwardsville,Burlington,Bossier City,Old Orchard Beach,Beltsville,Brockton,Canton,Brooklyn Center,Canton,Blue Springs,,Elkhorn,Fallon,Durham,Brick,Bosque Farms,Buffalo,Burlington,Jamestown,Beavercreek,Broken Arrow,Dallas,Camp Hill,Johnston,Blythewood,Fort Pierre,Chattanooga,Burleson,Clearfield,,Centreville,Bremerton,Hurricane,Brookfield,Rock Springs
Broomfield,Daphne,Bullhead City,Conway,Corona,,Branford,Greenville,Brandon,Austell,,Idaho Falls,Buffalo Grove,Carmel,Burlington,Emporia,Covington,Broussard,Orono,Bethesda,Brookline,Clarkston,Brooklyn Park,Columbus,Branson,,Grand Island,Fernley,Hampton,Caldwell,Carlsbad,Cheektowaga,Carrboro,Killdeer,Blacklick,Catoosa,Eugene,Conshohocken,Kingston,Boiling Springs,North Sioux City,Clarksville,Carrollton,Clinton,,Charlottesville,Des Moines,Martinsburg,De Pere,
Castle Rock,Decatur,Casa Grande,El Dorado,Costa Mesa,,Bridgeport,Harrington,Cape Coral,Buford,,Kuna,Carol Stream,Columbus,Cedar Falls,Eudora,Crescent Springs,Cameron,Portland,Bowie,Burlington,Clawson,Burnsville,Flowood,Brentwood,,Hastings,Gardnerville,Hooksett,Cherry Hill,Clovis,Clifton Park,Cary,Lignite,Brunswick,Chickasha,Fairview,Cranberry Township,Middletown,Camden,Pierre,Cleveland,Conroe,Cottonwood Heights,,Chesapeake,DuPont,Morgantown,East Troy,
Centennial,Dothan,Cave Creek,Fayetteville,El Cajon,,Bristol,Milford,Clearwater,Canton,,Lewiston,Champaign,Danville,Cedar Rapids,Garden City,Crestwood,Covington,Scarborough,Catonsville,Cambridge,Clinton Township,Champlin,Gautier,Cape Girardeau,,Kearney,Henderson,Keene,Clifton,Farmington,Coram,Chapel Hill,Mandan,Canal Winchester,Choctaw,Gresham,Doylestown,North Providence,Cayce,Rapid City,Clinton,Copperas Cove,Draper,,Chester,Edmonds,Parkersburg,Fitchburg,
Clifton,Enterprise,Chandler,Fort Smith,Fremont,,Danbury,New Castle,Coconut Creek,Columbus,,Mccammon,Chicago,Elkhart,Coralville,Gardner,Elizabethtown,Denham Springs,South Portland,Cockeysville,Canton,Dearborn Heights,Chaska,Gulfport,Chesterfield,,La Vista,Las Vegas,Laconia,Cranford,Gallup,Deer Park,Charlotte,Minot,Cincinnati,Del City,Happy Valley,East Norriton,Pawtucket,Central,Redfield,Collierville,Corpus Christi,Harrisville,,Colonial Heights,Everett,Saint Albans,Fond du Lac,
Colorado Springs,Fairhope,Chino Valley,Harrison,Fresno,,East Haven,Newark,Coral Springs,Covington,,Meridian,Crystal Lake,Evansville,Council Bluffs,Haysville,Erlanger,Fort Polk,Wells,Columbia,Chelmsford,Detroit,Coon Rapids,Hattiesburg,Columbia,,Lincoln,Laughlin,Lebanon,East Orange,Hobbs,Delmar,Clayton,New Town,Cleveland,Duncan,Hillsboro,East Stroudsburg,Providence,Charleston,Sioux Falls,Columbia,Cypress,Heber City,,Fairfax,Federal Way,,Franklin,
Commerce City,Florence,Coolidge,Hot Springs,Fullerton,,East Windsor,Newport,Delray Beach,Cumming,,Moscow,Des Plaines,Fishers,Davenport,Junction City,Fairdale,Gonzales,Yarmouth,Dundalk,Chelsea,East Lansing,Crystal,Hernando,Creve Coeur,,North Platte,Mesquite,Manchester,East Windsor,Las Cruces,East Amherst,Clemmons,Stanley,Cleveland Heights,Edmond,Independence,Easton,Rumford,Columbia,Spearfish,Cordova,Dallas,Herriman,,Falls Church,Fife,,Germantown,
Denver,Foley,Cottonwood,Jacksonville,Garden Grove,,Ellington,Seaford,Fort Lauderdale,Dallas,,Mountain Home AFB,Downers Grove,Fort Wayne,Des Moines,Kansas City,Flatwoods,Gretna,,Elkridge,Chicopee,Farmington,Duluth,Horn Lake,Farmington,,Omaha,North Las Vegas,Meredith,Eatontown,Los Alamos,Fairport,Concord,Tioga,Columbus,El Reno,Lake Oswego,Elizabethtown,Slatersville,Daniel Island,Winner,Crossville,DeSoto,Holladay,,Fredericksburg,Gig Harbor,,Glendale,
Englewood,Fort Payne,Douglas,Jonesboro,Huntington Beach,,Farmington,Smyrna,Fort Myers,Decatur,,Nampa,Elgin,Frankfort,Grimes,Lansing,Florence,Hammond,,Ellicott City,Dorchester,Farmington Hills,Eagan,Jackson,Fenton,,Papillion,Reno,Milford,Edgewater,Los Lunas,Farmingdale,Cornelius,Watford City,Dayton,Enid,Mill City,Elkins Park,Wakefield,Duncan,,Dickson,Denton,Hurricane,,Gainesville,Issaquah,,Green Bay,
Evergreen,Fultondale,El Mirage,Little Rock,Irvine,,Glastonbury,Wilmington,Gainesville,Doraville,,Pocatello,Evanston,Franklin,Huxley,Lawrence,Fort Knox,Harvey,,Essex,Fall River,Flint,Eden Prairie,Laurel,Ferguson,,Plattsmouth,Sparks,Nashua,Edison,Mesilla Park,Grand Island,Durham,West Fargo,Delaware,Glenpool,Milwaukie,Exton,Warren,Easley,,Franklin,El Paso,Kearns,,Glen Allen,Kennewick,,Greenfield,
Fort Collins,Gadsden,Flagstaff,Marion,Lake Forest,,Greenwich,,Hollywood,Douglasville,,Ponderay,Glenview,Gary,Indianola,Leavenworth,Fort Mitchell,Houma,,Forestville,Foxboro,Grand Rapids,Edina,Meridian,Florissant,,Ralston,Sun Valley,Newmarket,Elizabeth,Placitas,Hamburg,Fayetteville,Williston,Dublin,Guthrie,Oregon City,Feasterville,Warwick,Elgin,,Gallatin,Euless,Layton,,Hampton,Kent,,Hales Corners,
Fountain,Gulf Shores,Florence,Maumelle,Long Beach,,Groton,,Jacksonville,Duluth,,Post Falls,Gurnee,Goshen,Iowa City,Lenexa,Fort Thomas,Kenner,,Frederick,Framingham,Howell,Elk River,Ocean Springs,Grandview,,South Sioux City,,Penacook,Ewing,Portales,Hewlett,Fuquay Varina,,Euclid,Harrah,Portland,Harrisburg,West Greenwich,Florence,,Germantown,Fort Worth,Lehi,,Henrico,Kirkland,,Hartford,
Frederick,Hartselle,Fountain Hills,North Little Rock,Los Angeles,,Hamden,,Kissimmee,Dunwoody,,Star,Hampshire,Greenfield,Johnston,Manhattan,Frankfort,Lafayette,,Gaithersburg,Haverhill,Jackson,Farmington,Olive Branch,Hazelwood,,,,Portsmouth,Hackensack,Rio Rancho,Holbrook,Garner,,Fairborn,Jenks,Salem,Hershey,West Warwick,Fort Mill,,Goodlettsville,Frisco,Logan,,Herndon,Lacey,,Holmen,
Fruita,Homewood,Gilbert,Paragould,Marina Del Rey,,Hartford,,Lake Worth,Fayetteville,,,Joliet,Greenwood,Marion,Merriam,Franklin,Lake Charles,,Germantown,Lawrence,Kalamazoo,Forest Lake,Oxford,High Ridge,,,,Rochester,Haddonfield,Santa Fe,Ithaca,Gastonia,,Fairfield,Lawton,Sherwood,Horsham,Westerly,Fountain Inn,,Hendersonville,Garland,Magna,,Hopewell,Lakewood,,Hudson,
Glendale,Hoover,Glendale,Pine Bluff,Modesto,,Manchester,,Lakeland,Johns Creek,,,Lake In The Hills,Hammond,Newton,Mission,Georgetown,Leesville,,Glen Burnie,Lexington,Kentwood,Fridley,Pascagoula,Independence,,,,Salem,Hamilton,Santa Teresa,Liverpool,Greensboro,,Findlay,Midwest City,Springfield,King of Prussia,,Goose Creek,,Hermitage,Grand Prairie,Midvale,,Leesburg,Lynnwood,,Janesville,
Golden,Huntsville,Goodyear,Redfield,Moreno Valley,,Meriden,,"Land O""lakes",Jonesboro,,,Lisle,Huntington,Norwalk,Ogden,Hebron,Mandeville,,Hagerstown,Lowell,Lansing,Golden Valley,Pearl,Joplin,,,,Seabrook,Highland Park,,Lockport,Greenville,,Grove City,Moore,Tigard,Lancaster,,Greenville,,Hixson,Houston,Murray,,Manassas,Maple Falls,,Kaukauna,
Grand Junction,Jacksonville,Laveen,Rogers,Mountain View,,Middletown,,Miami,Kennesaw,,,Lombard,Indianapolis,Pleasant Hill,Olathe,Henderson,Metairie,,Hanover,Malden,Madison Heights,Hopkins,Petal,Kansas City,,,,Somersworth,Hoboken,,Middletown,Harrisburg,,Hilliard,Mustang,Tualatin,Langhorne,,Greenwood,,Jackson,Humble,North Salt Lake,,McLean,Mill Creek,,Kenosha,
Greeley,Madison,Litchfield Park,Russellville,Murrieta,,Milford,,Middleburg,Lawrenceville,,,Moline,Jeffersonville,Sioux City,Overland Park,Hopkinsville,Monroe,,Hyattsville,Mansfield,Midland,Inver Grove Heights,Picayune,Kearney,,,,West Lebanon,Irvington,,Moriches,Hendersonville,,Kettering,Newcastle,West Linn,Lansdale,,Greer,,Johnson City,Irving,Ogden,,Mechanicsville,Mountlake Terrace,,La Crosse,
Greenwood Village,Millbrook,Maricopa,Searcy,Ontario,,New Britain,,Miramar,Lithonia,,,Montgomery,Kokomo,Slater,Prairie Village,Independence,New Iberia,,Largo,Marlborough,Monroe,Lakeville,Ridgeland,Lees Summit,,,,,Jersey City,,New Rochelle,High Point,,Lakewood,Norman,Wilsonville,Lebanon,,Hanahan,,Kingsport,Katy,Orem,,Midlothian,Mukilteo,,Lomira,
Henderson,Mobile,Mesa,Sherwood,Orange,,New Haven,,Naples,Loganville,,,Mount Prospect,La Porte,Urbandale,Roeland Park,Lexington,New Orleans,,Laurel,Medford,Muskegon,Little Canada,Robinsonville,Lemay,,,,,Lindenwold,,New Windsor,Huntersville,,Maineville,Oklahoma City,,Levittown,,Irmo,,Knoxville,Killeen,Park City,,Newport News,Olympia,,Madison,
Highlands Ranch,Montgomery,Oro Valley,Springdale,Pasadena,,New London,,New Port Richey,Mableton,,,Mundelein,Lafayette,Waterloo,Shawnee,Louisville,Newllano,,Middle River,Melrose,Northville,Maple Grove,Southaven,Liberty,,,,,Long Branch,,New York,Indian Trail,,Marion,Okmulgee,,Malvern,,James Island,,La Vergne,Lewisville,Pleasant Grove,,Norfolk,Port Orchard,,Marshfield,
Lafayette,Moody,Peoria,Stuttgart,Rancho Cucamonga,,Newington,,Ocala,Macon,,,Naperville,Marion,Waukee,Spring Hill,Madisonville,Prairieville,,North Bethesda,Methuen,Novi,Maplewood,Starkville,Manchester,,,,,Marlton,,Northport,Jacksonville,,Maumee,Owasso,,Mechanicsburg,,Ladson,,Lakeland,Lubbock,Pleasant View,,North Chesterfield,Pullman,,Middleton,
Lakewood,Mountain Brook,Phoenix,Texarkana,Redlands,,North Haven,,Orange Park,Marietta,,,Oak Lawn,McCordsville,West Des Moines,Stilwell,Mount Washington,River Ridge,,Nottingham,New Bedford,Oak Park,Minneapolis,Tupelo,Maryland Heights,,,,,Matawan,,Orchard Park,Jamestown,,Mayfield Heights,Piedmont,,Monroeville,,Lake Wylie,,Lebanon,Mansfield,Price,,Petersburg,Puyallup,,Milwaukee,
Littleton,Muscle Shoals,Prescott,Van Buren,Riverside,,Norwalk,,Orlando,Newnan,,,Oak Park,Merrillville,,Tonganoxie,Newport,Roseland,,Odenton,Norwood,Pontiac,Minnetonka,Walls,Nixa,,,,,Montclair,,Patchogue,Kernersville,,Medina,Ponca City,,Morrisville,,Lexington,,Maryville,McKinney,Providence,,Portsmouth,Redmond,,New Berlin,
Lone Tree,Northport,Queen Creek,West Memphis,Roseville,,Norwich,,Palm Coast,Norcross,,,Palatine,Michigan City,,Topeka,Nicholasville,Ruston,,Owings Mills,Peabody,Rochester Hills,Moorhead,Waveland,"O""Fallon",,,,,Morristown,,Port Jefferson,Knightdale,,Middletown,Pryor,,Norristown,,Mauldin,,Memphis,Mesquite,Provo,,Reston,Renton,,New Richmond,
Longmont,Opelika,Sahuarita,,Sacramento,,Rocky Hill,,Pensacola,Pooler,,,Park Forest,Muncie,,Wakefield,Oak Grove,Saint Gabriel,,Parkville,Quincy,Royal Oak,New Brighton,,Ozark,,,,,Mount Laurel,,Poughkeepsie,Matthews,,North Olmsted,Purcell,,Philadelphia,,Moncks Corner,,Millington,Midland,Roy,,Richmond,Richland,,Oak Creek,
Louisville,Owens Cross Roads,San Tan Valley,,San Bernardino,,Shelton,,Plantation,Powder Springs,,,Plainfield,New Albany,,Wichita,Owensboro,Scott,,Pasadena,Randolph,Saginaw,New Hope,,Platte City,,,,,New Brunswick,,Rochester,Mebane,,North Royalton,Spencer,,Phoenixville,,Mount Pleasant,,Morristown,Pearland,Salt Lake City,,Roanoke,Seattle,,Onalaska,
Loveland,Pelham,Scottsdale,,San Diego,,Simsbury,,Riverview,Riverdale,,,Rockford,Noblesville,,,Paducah,Shreveport,,Pikesville,Revere,Shelby Township,Northfield,,Raymore,,,,,Newark,,Sayville,Monroe,,Parma,Stillwater,,Pittsburgh,,Myrtle Beach,,Mount Juliet,Plano,Sandy,,Springfield,Shoreline,,Oshkosh,
Monument,Pell City,Sedona,,San Francisco,,Stamford,,Saint Petersburg,Roswell,,,Roselle,Plainfield,,,Prospect,Slidell,,Randallstown,Shrewsbury,Southfield,Plymouth,,Raytown,,,,,North Brunswick,,Schenectady,Mooresville,,Parma Heights,Tahlequah,,Pottstown,,North Augusta,,Murfreesboro,Richardson,South Jordan,,Stafford,Silverdale,,Pewaukee,
Morrison,Phenix City,Sierra Vista,,San Jose,,Stratford,,Sanford,Sandy Springs,,,Round Lake,South Bend,,,Radcliff,Sulphur,,Rockville,Springfield,Southgate,Richfield,,Saint Charles,,,,,Old Bridge,,Smithtown,Morrisville,,Perrysburg,The Village,,Reading,,North Charleston,,Nashville,Round Rock,South Ogden,,Sterling,Spanaway,,Plover,
Northglenn,Pike Road,Sun City,,Santa Ana,,Vernon,,Sarasota,Savannah,,,Schaumburg,Speedway,,,Richmond,Terrytown,,Salisbury,Stoughton,Sterling Heights,Rochester,,Saint Joseph,,,,,Orange,,Troy,Raleigh,,Reynoldsburg,Tulsa,,Ridley Park,,Rock Hill,,Oak Ridge,San Antonio,Springville,,Suffolk,Spokane,,Racine,
Parker,Prattville,Sun Lakes,,Santa Clara,,Wallingford,,Sunrise,Smyrna,,,Waukegan,Terre Haute,,,Shelbyville,Thibodaux,,Silver Spring,Waltham,Taylor,Roseville,,Saint Louis,,,,,Parsippany,,Wappingers Falls,Rocky Mount,,Shaker Heights,Yukon,,Royersford,,Simpsonville,,Ooltewah,Sherman,Syracuse,,Vienna,Spokane Valley,,River Falls,
Peyton,Robertsdale,Surprise,,Santa Rosa,,Waterbury,,Tallahassee,Snellville,,,Westmont,Valparaiso,,,Shepherdsville,Tickfaw,,Suitland,Watertown,Troy,Saint Cloud,,Saint Peters,,,,,Plainsboro,,Watertown,Wake Forest,,Springfield,,,State College,,Spartanburg,,Powell,Spring,Taylorsville,,Virginia Beach,Tacoma,,Stevens Point,
Pueblo,Spanish Fort,Tempe,,Sunnyvale,,West Haven,,Tampa,Statesboro,,,Wheaton,Warsaw,,,Taylor Mill,West Monroe,,Temple Hills,West Springfield,Warren,Saint Louis Park,,Springfield,,,,,Somerset,,Webster,Waxhaw,,Strongsville,,,West Chester,,Summerville,,Sevierville,Terrell,Vineyard,,Williamsburg,Tukwila,,Sun Prairie,
Superior,Tuscaloosa,Tolleson,,Temecula,,Willington,,Wesley Chapel,Stone Mountain,,,Wheeling,West Lafayette,,,Union,Youngsville,,Timonium,Westfield,Waterford,Saint Paul,,Saint Ann,,,,,South Orange,,West Babylon,Whitsett,,Toledo,,,Wexford,,Sumter,,Smyrna,The Woodlands,West Jordan,,Woodbridge,Tumwater,,Waukesha,
Thornton,Valley,Tucson,,Tustin,,Wilton,,West Palm Beach,Suwanee,,,Woodridge,Westfield,,,Villa Hills,Zachary,,Towson,Weymouth,Westland,Shakopee,,University City,,,,,Summit,,West Seneca,Wilmington,,West Chester,,,Whitehall,,Taylors,,Spring Hill,Tomball,West Point,,Yorktown,University Place,,West Allis,
Westminster,Vestavia,Vail,,Walnut Creek,,Windsor,,Weston,Warner Robins,,,Woodstock,Whiteland,,,Vine Grove,,,Wheaton,Woburn,Woodhaven,White Bear Lake,,Waynesville,,,,,Toms River,,White Plains,Winston-Salem,,Westerville,,,Williamsport,,West Columbia,,Thompsons Station,Tyler,West Valley,,,Vancouver,,Whitewater,
Wheat Ridge,Vestavia Hills,Yuma,,Woodland Hills,,Woodbury,,Winter Park,Woodstock,,,Yorkville,Zionsville,,,Walton,,,Windsor Mill,Worcester,Ypsilanti,Woodbury,,Wildwood,,,,,Trenton,,Yonkers,,,Westlake,,,York,,,,Tullahoma,Wylie,West Valley City,,,,,Wisconsin Rapids,
